{"Victim": [{"SpecialDate->CityEconomy": {"\u5220\u9664\u8fb9": 0.75, "\u4fdd\u7559\u8fb9": 0.25}, "SpecialDate->Loss": {"\u5220\u9664\u8fb9": 0.30000000000000004, "\u4fdd\u7559\u8fb9": 0.7}, "SpecialDate->RecoverTime": {"\u5220\u9664\u8fb9": 0.35, "\u4fdd\u7559\u8fb9": 0.65}, "SpecialDate->VictimOccupation": {"\u5220\u9664\u8fb9": 0.7, "\u4fdd\u7559\u8fb9": 0.3}, "VictimSex->VictimAge": {"\u5220\u9664\u8fb9": 0.4, "\u4fdd\u7559\u8fb9": 0.6}, "VictimSex->VictimEducation": {"\u5220\u9664\u8fb9": 0.8, "\u4fdd\u7559\u8fb9": 0.2}, "VictimSex->CommunicationMethod": {"\u5220\u9664\u8fb9": 0.30000000000000004, "\u4fdd\u7559\u8fb9": 0.7}, "VictimSex->SpecialDate": {"\u5220\u9664\u8fb9": 0.7, "\u4fdd\u7559\u8fb9": 0.3}, "VictimSex->CityEconomy": {"\u5220\u9664\u8fb9": 0.8, "\u4fdd\u7559\u8fb9": 0.2}, "VictimSex->Loss": {"\u5220\u9664\u8fb9": 0.30000000000000004, "\u4fdd\u7559\u8fb9": 0.7}, "VictimSex->RecoverTime": {"\u5220\u9664\u8fb9": 0.35, "\u4fdd\u7559\u8fb9": 0.65}, "VictimSex->VictimOccupation": {"\u5220\u9664\u8fb9": 0.7, "\u4fdd\u7559\u8fb9": 0.3}, "VictimAge->VictimIncome": {"\u5220\u9664\u8fb9": 0.5, "\u4fdd\u7559\u8fb9": 0.5}, "VictimAge->VictimEducation": {"\u5220\u9664\u8fb9": 0.30000000000000004, "\u4fdd\u7559\u8fb9": 0.7}, "VictimAge->CommunicationMethod": {"\u5220\u9664\u8fb9": 0.30000000000000004, "\u4fdd\u7559\u8fb9": 0.7}, "VictimAge->SpecialDate": {"\u5220\u9664\u8fb9": 0.65, "\u4fdd\u7559\u8fb9": 0.35}, "VictimAge->CityEconomy": {"\u5220\u9664\u8fb9": 0.7, "\u4fdd\u7559\u8fb9": 0.3}, "VictimAge->Loss": {"\u5220\u9664\u8fb9": 0.35, "\u4fdd\u7559\u8fb9": 0.65}, "VictimAge->RecoverTime": {"\u5220\u9664\u8fb9": 0.4, "\u4fdd\u7559\u8fb9": 0.6}, "VictimAge->VictimOccupation": {"\u5220\u9664\u8fb9": 0.4, "\u4fdd\u7559\u8fb9": 0.6}, "VictimIncome->VictimEducation": {"\u5220\u9664\u8fb9": 0.7, "\u4fdd\u7559\u8fb9": 0.3}, "VictimIncome->CommunicationMethod": {"\u5220\u9664\u8fb9": 0.4, "\u4fdd\u7559\u8fb9": 0.6}}, {"SpecialDate->CityEconomy": {"\u5220\u9664\u8fb9": 0.8, "\u4fdd\u7559\u8fb9": 0.2}, "SpecialDate->Loss": {"\u5220\u9664\u8fb9": 0.35, "\u4fdd\u7559\u8fb9": 0.65}, "SpecialDate->RecoverTime": {"\u5220\u9664\u8fb9": 0.30000000000000004, "\u4fdd\u7559\u8fb9": 0.7}, "SpecialDate->VictimOccupation": {"\u5220\u9664\u8fb9": 0.75, "\u4fdd\u7559\u8fb9": 0.25}, "VictimSex->VictimAge": {"\u5220\u9664\u8fb9": 0.9, "\u4fdd\u7559\u8fb9": 0.1}, "VictimSex->VictimEducation": {"\u5220\u9664\u8fb9": 0.7, "\u4fdd\u7559\u8fb9": 0.3}, "VictimSex->CommunicationMethod": {"\u5220\u9664\u8fb9": 0.7, "\u4fdd\u7559\u8fb9": 0.3}, "VictimSex->SpecialDate": {"\u5220\u9664\u8fb9": 0.8, "\u4fdd\u7559\u8fb9": 0.2}, "VictimSex->CityEconomy": {"\u5220\u9664\u8fb9": 0.8, "\u4fdd\u7559\u8fb9": 0.2}, "VictimSex->Loss": {"\u5220\u9664\u8fb9": 0.4, "\u4fdd\u7559\u8fb9": 0.6}, "VictimSex->RecoverTime": {"\u5220\u9664\u8fb9": 0.7, "\u4fdd\u7559\u8fb9": 0.3}, "VictimSex->VictimOccupation": {"\u5220\u9664\u8fb9": 0.7, "\u4fdd\u7559\u8fb9": 0.3}, "VictimAge->VictimIncome": {"\u5220\u9664\u8fb9": 0.7, "\u4fdd\u7559\u8fb9": 0.3}, "VictimAge->VictimEducation": {"\u5220\u9664\u8fb9": 0.6, "\u4fdd\u7559\u8fb9": 0.4}, "VictimAge->CommunicationMethod": {"\u5220\u9664\u8fb9": 0.4, "\u4fdd\u7559\u8fb9": 0.6}, "VictimAge->SpecialDate": {"\u5220\u9664\u8fb9": 0.7, "\u4fdd\u7559\u8fb9": 0.3}, "VictimAge->CityEconomy": {"\u5220\u9664\u8fb9": 0.8, "\u4fdd\u7559\u8fb9": 0.2}, "VictimAge->Loss": {"\u5220\u9664\u8fb9": 0.35, "\u4fdd\u7559\u8fb9": 0.65}, "VictimAge->RecoverTime": {"\u5220\u9664\u8fb9": 0.35, "\u4fdd\u7559\u8fb9": 0.65}, "VictimAge->VictimOccupation": {"\u5220\u9664\u8fb9": 0.35, "\u4fdd\u7559\u8fb9": 0.65}, "VictimIncome->VictimEducation": {"\u5220\u9664\u8fb9": 0.7, "\u4fdd\u7559\u8fb9": 0.3}, "VictimIncome->CommunicationMethod": {"\u5220\u9664\u8fb9": 0.4, "\u4fdd\u7559\u8fb9": 0.6}}, {"SpecialDate->CityEconomy": {"\u5220\u9664\u8fb9": 0.7, "\u4fdd\u7559\u8fb9": 0.3}, "SpecialDate->Loss": {"\u5220\u9664\u8fb9": 0.30000000000000004, "\u4fdd\u7559\u8fb9": 0.7}, "SpecialDate->RecoverTime": {"\u5220\u9664\u8fb9": 0.7, "\u4fdd\u7559\u8fb9": 0.3}, "SpecialDate->VictimOccupation": {"\u5220\u9664\u8fb9": 0.7, "\u4fdd\u7559\u8fb9": 0.3}, "VictimSex->VictimAge": {"\u5220\u9664\u8fb9": 0.7, "\u4fdd\u7559\u8fb9": 0.3}, "VictimSex->VictimEducation": {"\u5220\u9664\u8fb9": 0.8, "\u4fdd\u7559\u8fb9": 0.2}, "VictimSex->CommunicationMethod": {"\u5220\u9664\u8fb9": 0.35, "\u4fdd\u7559\u8fb9": 0.65}, "VictimSex->SpecialDate": {"\u5220\u9664\u8fb9": 0.7, "\u4fdd\u7559\u8fb9": 0.3}, "VictimSex->CityEconomy": {"\u5220\u9664\u8fb9": 0.8, "\u4fdd\u7559\u8fb9": 0.2}, "VictimSex->Loss": {"\u5220\u9664\u8fb9": 0.4, "\u4fdd\u7559\u8fb9": 0.6}, "VictimSex->RecoverTime": {"\u5220\u9664\u8fb9": 0.30000000000000004, "\u4fdd\u7559\u8fb9": 0.7}, "VictimSex->VictimOccupation": {"\u5220\u9664\u8fb9": 0.7, "\u4fdd\u7559\u8fb9": 0.3}, "VictimAge->VictimIncome": {"\u5220\u9664\u8fb9": 0.4, "\u4fdd\u7559\u8fb9": 0.6}, "VictimAge->VictimEducation": {"\u5220\u9664\u8fb9": 0.4, "\u4fdd\u7559\u8fb9": 0.6}, "VictimAge->CommunicationMethod": {"\u5220\u9664\u8fb9": 0.30000000000000004, "\u4fdd\u7559\u8fb9": 0.7}, "VictimAge->SpecialDate": {"\u5220\u9664\u8fb9": 0.65, "\u4fdd\u7559\u8fb9": 0.35}, "VictimAge->CityEconomy": {"\u5220\u9664\u8fb9": 0.7, "\u4fdd\u7559\u8fb9": 0.3}, "VictimAge->Loss": {"\u5220\u9664\u8fb9": 0.30000000000000004, "\u4fdd\u7559\u8fb9": 0.7}, "VictimAge->RecoverTime": {"\u5220\u9664\u8fb9": 0.30000000000000004, "\u4fdd\u7559\u8fb9": 0.7}, "VictimAge->VictimOccupation": {"\u5220\u9664\u8fb9": 0.35, "\u4fdd\u7559\u8fb9": 0.65}, "VictimIncome->VictimEducation": {"\u5220\u9664\u8fb9": 0.5, "\u4fdd\u7559\u8fb9": 0.5}, "VictimIncome->CommunicationMethod": {"\u5220\u9664\u8fb9": 0.35, "\u4fdd\u7559\u8fb9": 0.65}}, {"SpecialDate->CityEconomy": {"\u5220\u9664\u8fb9": 0.7, "\u4fdd\u7559\u8fb9": 0.3}, "SpecialDate->Loss": {"\u5220\u9664\u8fb9": 0.35, "\u4fdd\u7559\u8fb9": 0.65}, "SpecialDate->RecoverTime": {"\u5220\u9664\u8fb9": 0.4, "\u4fdd\u7559\u8fb9": 0.6}, "SpecialDate->VictimOccupation": {"\u5220\u9664\u8fb9": 0.7, "\u4fdd\u7559\u8fb9": 0.3}, "VictimSex->VictimAge": {"\u5220\u9664\u8fb9": 0.8, "\u4fdd\u7559\u8fb9": 0.2}, "VictimSex->VictimEducation": {"\u5220\u9664\u8fb9": 0.7, "\u4fdd\u7559\u8fb9": 0.3}, "VictimSex->CommunicationMethod": {"\u5220\u9664\u8fb9": 0.35, "\u4fdd\u7559\u8fb9": 0.65}, "VictimSex->SpecialDate": {"\u5220\u9664\u8fb9": 0.8, "\u4fdd\u7559\u8fb9": 0.2}, "VictimSex->CityEconomy": {"\u5220\u9664\u8fb9": 0.7, "\u4fdd\u7559\u8fb9": 0.3}, "VictimSex->Loss": {"\u5220\u9664\u8fb9": 0.30000000000000004, "\u4fdd\u7559\u8fb9": 0.7}, "VictimSex->RecoverTime": {"\u5220\u9664\u8fb9": 0.35, "\u4fdd\u7559\u8fb9": 0.65}, "VictimSex->VictimOccupation": {"\u5220\u9664\u8fb9": 0.7, "\u4fdd\u7559\u8fb9": 0.3}, "VictimAge->VictimIncome": {"\u5220\u9664\u8fb9": 0.4, "\u4fdd\u7559\u8fb9": 0.6}, "VictimAge->VictimEducation": {"\u5220\u9664\u8fb9": 0.30000000000000004, "\u4fdd\u7559\u8fb9": 0.7}, "VictimAge->CommunicationMethod": {"\u5220\u9664\u8fb9": 0.4, "\u4fdd\u7559\u8fb9": 0.6}, "VictimAge->SpecialDate": {"\u5220\u9664\u8fb9": 0.75, "\u4fdd\u7559\u8fb9": 0.25}, "VictimAge->CityEconomy": {"\u5220\u9664\u8fb9": 0.7, "\u4fdd\u7559\u8fb9": 0.3}, "VictimAge->Loss": {"\u5220\u9664\u8fb9": 0.25, "\u4fdd\u7559\u8fb9": 0.75}, "VictimAge->RecoverTime": {"\u5220\u9664\u8fb9": 0.4, "\u4fdd\u7559\u8fb9": 0.6}, "VictimAge->VictimOccupation": {"\u5220\u9664\u8fb9": 0.4, "\u4fdd\u7559\u8fb9": 0.6}, "VictimIncome->VictimEducation": {"\u5220\u9664\u8fb9": 0.8, "\u4fdd\u7559\u8fb9": 0.2}, "VictimIncome->CommunicationMethod": {"\u5220\u9664\u8fb9": 0.4, "\u4fdd\u7559\u8fb9": 0.6}}, {"SpecialDate->CityEconomy": {"\u5220\u9664\u8fb9": 0.9, "\u4fdd\u7559\u8fb9": 0.1}, "SpecialDate->Loss": {"\u5220\u9664\u8fb9": 0.30000000000000004, "\u4fdd\u7559\u8fb9": 0.7}, "SpecialDate->RecoverTime": {"\u5220\u9664\u8fb9": 0.4, "\u4fdd\u7559\u8fb9": 0.6}, "SpecialDate->VictimOccupation": {"\u5220\u9664\u8fb9": 0.7,